point_id,latitude,longitude,linked_parcel_id,surveyor,accuracy_m
G-0103,16.7098257,74.2504575,P-0103,Team A,1.89
G-0109,16.7129233,74.2518976,P-0109,Team A,0.88
G-0113,16.7082882,74.2443708,P-0113,Team A,2.43
G-0115,16.7061109,74.2460076,P-0115,Team C,0.99
G-0116,16.7060829,74.2541662,P-0116,Team C,1.01
G-0117,16.7083118,74.2495984,P-0117,Team B,1.64
G-0118,16.7143054,74.2474222,P-0118,Team C,1.61
G-0119,16.7075913,74.2482499,P-0119,Team A,0.81
G-0129,16.7069322,74.2481825,P-0129,Team C,0.93
G-0131,16.7113194,74.2452074,P-0131,Team A,1.51
G-0145,16.7106629,74.2519813,P-0145,Team A,1.68
G-0153,16.7122105,74.2512418,P-0153,Team A,1.38
G-0160,16.7147355,74.2459667,P-0160,Team B,1.47
G-0166,16.7068982,74.2541456,P-0166,Team C,1.79
G-0170,16.7135292,74.2438539,P-0170,Team A,1.87
G-0171,16.706042,74.2474279,P-0171,Team A,1.12
G-0173,16.7143521,74.2444624,P-0173,Team B,0.45
G-0175,16.71442,74.25337,P-0175,Team A,2.2
G-0189,16.707556,74.2488986,P-0189,Team B,0.63
G-0191,16.7128985,74.2495997,P-0191,Team A,0.72
G-0194,16.7068784,74.2490065,P-0194,Team A,0.54
G-0198,16.714305,74.2496486,P-0198,Team B,1.14
G-0201,16.7113267,74.2488397,P-0201,Team A,0.4
G-0206,16.7106236,74.2443866,P-0206,Team C,0.62
G-0207,16.7101973,74.2555512,P-0207,Team C,1.89
G-0209,16.7105565,74.2488867,P-0209,Team C,1.88
G-0210,16.71291,74.2474276,P-0210,Team C,2.48
G-0212,16.7083914,74.2473856,P-0212,Team B,0.47
G-0215,16.7098058,74.2518867,P-0215,Team B,1.79
G-0217,16.7076011,74.251154,P-0217,Team B,1.28
G-0219,16.7060863,74.2520094,P-0219,Team C,1.14
G-0222,16.7069559,74.2451787,P-0222,Team C,2.33
G-0225,16.7107108,74.2511302,P-0225,Team A,1.03
G-0237,16.708499,74.2541082,P-0237,Team B,1.83
G-0238,16.7136354,74.2459458,P-0238,Team B,1.89
G-0240,16.714343,74.245899,P-0240,Team C,1.23
G-0243,16.7099555,74.2451802,P-0243,Team C,0.87
G-0244,16.7121894,74.2458653,P-0244,Team A,2.27
G-0246,16.7113542,74.2512459,P-0246,Team B,1.02
G-0248,16.708444,74.2505033,P-0248,Team C,2.27
G-0249,16.7136659,74.2466123,P-0249,Team B,1.33
G-0252,16.7096571,74.2455352,P-0252,Team B,1.4
G-0259,16.7068632,74.2504113,P-0259,Team B,1.38
G-0261,16.7071896,74.2549627,P-0261,Team A,0.42
G-0262,16.7076829,74.2496893,P-0262,Team C,1.77
G-0266,16.7061002,74.2489537,P-0266,Team B,0.39
G-0267,16.7077017,74.2444234,P-0267,Team B,1.9
